ID,Date,Geschlecht,Alter,Frage,Antwort,Altersgruppe,Kategorie,FrageNummer
117,01.11.2022,Mann,18.0,3,4.0,18-25,1,1
57,15.10.2022,Frau,21.0,3,3.0,18-25,1,1
68,15.10.2022,Mann,21.0,3,5.0,18-25,1,1
80,16.10.2022,Frau,21.0,3,2.0,18-25,1,1
81,16.10.2022,Frau,21.0,3,3.0,18-25,1,1
79,16.10.2022,Mann,23.0,3,2.0,18-25,1,1
82,16.10.2022,Frau,23.0,3,1.0,18-25,1,1
89,16.10.2022,Mann,23.0,3,1.0,18-25,1,1
114,28.10.2022,Frau,23.0,3,1.0,18-25,1,1
115,28.10.2022,Frau,23.0,3,1.0,18-25,1,1
74,15.10.2022,Frau,24.0,3,,18-25,1,1
78,16.10.2022,Frau,24.0,3,1.0,18-25,1,1
83,16.10.2022,Frau,24.0,3,1.0,18-25,1,1
85,16.10.2022,Mann,24.0,3,5.0,18-25,1,1
90,17.10.2022,Frau,24.0,3,1.0,18-25,1,1
75,16.10.2022,Mann,25.0,3,4.0,18-25,1,1
97,25.10.2022,Frau,25.0,3,2.0,18-25,1,1
113,27.10.2022,Frau,25.0,3,2.0,18-25,1,1
77,16.10.2022,Mann,26.0,3,5.0,26-35,1,1
96,25.10.2022,Mann,26.0,3,2.0,26-35,1,1
76,16.10.2022,Mann,27.0,3,2.0,26-35,1,1
86,16.10.2022,Frau,28.0,3,1.0,26-35,1,1
87,16.10.2022,Mann,28.0,3,1.0,26-35,1,1
88,16.10.2022,Mann,28.0,3,2.0,26-35,1,1
91,18.10.2022,Frau,28.0,3,1.0,26-35,1,1
92,21.10.2022,Mann,28.0,3,5.0,26-35,1,1
94,25.10.2022,Mann,28.0,3,1.0,26-35,1,1
102,25.10.2022,Mann,28.0,3,4.0,26-35,1,1
105,25.10.2022,Mann,28.0,3,2.0,26-35,1,1
112,26.10.2022,Mann,28.0,3,4.0,26-35,1,1
116,29.10.2022,Mann,28.0,3,1.0,26-35,1,1
103,25.10.2022,Frau,29.0,3,2.0,26-35,1,1
106,25.10.2022,Mann,29.0,3,1.0,26-35,1,1
109,26.10.2022,Mann,29.0,3,1.0,26-35,1,1
110,26.10.2022,Mann,29.0,3,5.0,26-35,1,1
62,15.10.2022,Frau,32.0,3,1.0,26-35,1,1
64,15.10.2022,Frau,32.0,3,,26-35,1,1
100,25.10.2022,Frau,35.0,3,3.0,26-35,1,1
108,25.10.2022,Frau,35.0,3,1.0,26-35,1,1
73,15.10.2022,Mann,37.0,3,,36-45,1,1
65,15.10.2022,Frau,41.0,3,2.0,36-45,1,1
70,15.10.2022,Frau,41.0,3,1.0,36-45,1,1
60,15.10.2022,Frau,47.0,3,2.0,46-55,1,1
61,15.10.2022,Mann,47.0,3,5.0,46-55,1,1
63,15.10.2022,Mann,50.0,3,5.0,46-55,1,1
98,25.10.2022,Mann,50.0,3,4.0,46-55,1,1
93,21.10.2022,Frau,52.0,3,1.0,46-55,1,1
56,15.10.2022,Frau,53.0,3,2.0,46-55,1,1
67,15.10.2022,Mann,54.0,3,1.0,46-55,1,1
84,16.10.2022,,54.0,3,4.0,46-55,1,1
59,15.10.2022,Mann,55.0,3,4.0,46-55,1,1
71,15.10.2022,Mann,55.0,3,2.0,46-55,1,1
55,15.10.2022,Frau,56.0,3,3.0,56-65,1,1
58,15.10.2022,Mann,56.0,3,5.0,56-65,1,1
69,15.10.2022,Frau,56.0,3,2.0,56-65,1,1
118,11.11.2022,Frau,58.0,3,4.0,56-65,1,1
66,15.10.2022,Frau,62.0,3,5.0,56-65,1,1
95,25.10.2022,Frau,67.0,3,2.0,66-75,1,1
101,25.10.2022,Frau,67.0,3,3.0,66-75,1,1
104,25.10.2022,Mann,70.0,3,3.0,66-75,1,1
111,26.10.2022,Mann,73.0,3,2.0,66-75,1,1
51,11.10.2022,,,3,1.0,,1,1
53,11.10.2022,,,3,2.0,,1,1
54,12.10.2022,,,3,2.0,,1,1
72,15.10.2022,Frau,,3,1.0,,1,1
117,01.11.2022,Mann,18.0,4,1.0,18-25,5,1
57,15.10.2022,Frau,21.0,4,4.0,18-25,5,1
68,15.10.2022,Mann,21.0,4,1.0,18-25,5,1
80,16.10.2022,Frau,21.0,4,4.0,18-25,5,1
81,16.10.2022,Frau,21.0,4,2.0,18-25,5,1
79,16.10.2022,Mann,23.0,4,5.0,18-25,5,1
82,16.10.2022,Frau,23.0,4,5.0,18-25,5,1
89,16.10.2022,Mann,23.0,4,2.0,18-25,5,1
114,28.10.2022,Frau,23.0,4,5.0,18-25,5,1
115,28.10.2022,Frau,23.0,4,3.0,18-25,5,1
74,15.10.2022,Frau,24.0,4,2.0,18-25,5,1
78,16.10.2022,Frau,24.0,4,3.0,18-25,5,1
83,16.10.2022,Frau,24.0,4,5.0,18-25,5,1
85,16.10.2022,Mann,24.0,4,2.0,18-25,5,1
90,17.10.2022,Frau,24.0,4,2.0,18-25,5,1
75,16.10.2022,Mann,25.0,4,1.0,18-25,5,1
97,25.10.2022,Frau,25.0,4,3.0,18-25,5,1
113,27.10.2022,Frau,25.0,4,4.0,18-25,5,1
77,16.10.2022,Mann,26.0,4,1.0,26-35,5,1
96,25.10.2022,Mann,26.0,4,,26-35,5,1
76,16.10.2022,Mann,27.0,4,3.0,26-35,5,1
86,16.10.2022,Frau,28.0,4,5.0,26-35,5,1
87,16.10.2022,Mann,28.0,4,3.0,26-35,5,1
88,16.10.2022,Mann,28.0,4,2.0,26-35,5,1
91,18.10.2022,Frau,28.0,4,5.0,26-35,5,1
92,21.10.2022,Mann,28.0,4,5.0,26-35,5,1
94,25.10.2022,Mann,28.0,4,4.0,26-35,5,1
102,25.10.2022,Mann,28.0,4,2.0,26-35,5,1
105,25.10.2022,Mann,28.0,4,4.0,26-35,5,1
112,26.10.2022,Mann,28.0,4,3.0,26-35,5,1
116,29.10.2022,Mann,28.0,4,4.0,26-35,5,1
103,25.10.2022,Frau,29.0,4,3.0,26-35,5,1
106,25.10.2022,Mann,29.0,4,2.0,26-35,5,1
109,26.10.2022,Mann,29.0,4,3.0,26-35,5,1
110,26.10.2022,Mann,29.0,4,2.0,26-35,5,1
62,15.10.2022,Frau,32.0,4,4.0,26-35,5,1
64,15.10.2022,Frau,32.0,4,1.0,26-35,5,1
100,25.10.2022,Frau,35.0,4,2.0,26-35,5,1
108,25.10.2022,Frau,35.0,4,4.0,26-35,5,1
73,15.10.2022,Mann,37.0,4,1.0,36-45,5,1
65,15.10.2022,Frau,41.0,4,1.0,36-45,5,1
70,15.10.2022,Frau,41.0,4,3.0,36-45,5,1
60,15.10.2022,Frau,47.0,4,1.0,46-55,5,1
61,15.10.2022,Mann,47.0,4,5.0,46-55,5,1
63,15.10.2022,Mann,50.0,4,1.0,46-55,5,1
98,25.10.2022,Mann,50.0,4,1.0,46-55,5,1
93,21.10.2022,Frau,52.0,4,5.0,46-55,5,1
56,15.10.2022,Frau,53.0,4,3.0,46-55,5,1
67,15.10.2022,Mann,54.0,4,2.0,46-55,5,1
84,16.10.2022,,54.0,4,3.0,46-55,5,1
59,15.10.2022,Mann,55.0,4,1.0,46-55,5,1
71,15.10.2022,Mann,55.0,4,1.0,46-55,5,1
55,15.10.2022,Frau,56.0,4,2.0,56-65,5,1
58,15.10.2022,Mann,56.0,4,2.0,56-65,5,1
69,15.10.2022,Frau,56.0,4,1.0,56-65,5,1
118,11.11.2022,Frau,58.0,4,1.0,56-65,5,1
66,15.10.2022,Frau,62.0,4,,56-65,5,1
95,25.10.2022,Frau,67.0,4,1.0,66-75,5,1
101,25.10.2022,Frau,67.0,4,3.0,66-75,5,1
104,25.10.2022,Mann,70.0,4,4.0,66-75,5,1
111,26.10.2022,Mann,73.0,4,1.0,66-75,5,1
51,11.10.2022,,,4,3.0,,5,1
53,11.10.2022,,,4,3.0,,5,1
54,12.10.2022,,,4,3.0,,5,1
72,15.10.2022,Frau,,4,3.0,,5,1
117,01.11.2022,Mann,18.0,5,4.0,18-25,1,2
57,15.10.2022,Frau,21.0,5,1.0,18-25,1,2
68,15.10.2022,Mann,21.0,5,5.0,18-25,1,2
80,16.10.2022,Frau,21.0,5,2.0,18-25,1,2
81,16.10.2022,Frau,21.0,5,1.0,18-25,1,2
79,16.10.2022,Mann,23.0,5,1.0,18-25,1,2
82,16.10.2022,Frau,23.0,5,1.0,18-25,1,2
89,16.10.2022,Mann,23.0,5,1.0,18-25,1,2
114,28.10.2022,Frau,23.0,5,1.0,18-25,1,2
115,28.10.2022,Frau,23.0,5,2.0,18-25,1,2
74,15.10.2022,Frau,24.0,5,5.0,18-25,1,2
78,16.10.2022,Frau,24.0,5,4.0,18-25,1,2
83,16.10.2022,Frau,24.0,5,1.0,18-25,1,2
85,16.10.2022,Mann,24.0,5,4.0,18-25,1,2
90,17.10.2022,Frau,24.0,5,3.0,18-25,1,2
75,16.10.2022,Mann,25.0,5,3.0,18-25,1,2
97,25.10.2022,Frau,25.0,5,3.0,18-25,1,2
113,27.10.2022,Frau,25.0,5,2.0,18-25,1,2
77,16.10.2022,Mann,26.0,5,4.0,26-35,1,2
96,25.10.2022,Mann,26.0,5,5.0,26-35,1,2
76,16.10.2022,Mann,27.0,5,2.0,26-35,1,2
86,16.10.2022,Frau,28.0,5,1.0,26-35,1,2
87,16.10.2022,Mann,28.0,5,1.0,26-35,1,2
88,16.10.2022,Mann,28.0,5,4.0,26-35,1,2
91,18.10.2022,Frau,28.0,5,2.0,26-35,1,2
92,21.10.2022,Mann,28.0,5,5.0,26-35,1,2
94,25.10.2022,Mann,28.0,5,1.0,26-35,1,2
102,25.10.2022,Mann,28.0,5,1.0,26-35,1,2
105,25.10.2022,Mann,28.0,5,2.0,26-35,1,2
112,26.10.2022,Mann,28.0,5,1.0,26-35,1,2
116,29.10.2022,Mann,28.0,5,1.0,26-35,1,2
103,25.10.2022,Frau,29.0,5,1.0,26-35,1,2
106,25.10.2022,Mann,29.0,5,2.0,26-35,1,2
109,26.10.2022,Mann,29.0,5,2.0,26-35,1,2
110,26.10.2022,Mann,29.0,5,2.0,26-35,1,2
62,15.10.2022,Frau,32.0,5,2.0,26-35,1,2
64,15.10.2022,Frau,32.0,5,5.0,26-35,1,2
100,25.10.2022,Frau,35.0,5,4.0,26-35,1,2
108,25.10.2022,Frau,35.0,5,2.0,26-35,1,2
73,15.10.2022,Mann,37.0,5,5.0,36-45,1,2
65,15.10.2022,Frau,41.0,5,,36-45,1,2
70,15.10.2022,Frau,41.0,5,2.0,36-45,1,2
60,15.10.2022,Frau,47.0,5,3.0,46-55,1,2
61,15.10.2022,Mann,47.0,5,,46-55,1,2
63,15.10.2022,Mann,50.0,5,5.0,46-55,1,2
98,25.10.2022,Mann,50.0,5,2.0,46-55,1,2
93,21.10.2022,Frau,52.0,5,1.0,46-55,1,2
56,15.10.2022,Frau,53.0,5,1.0,46-55,1,2
67,15.10.2022,Mann,54.0,5,2.0,46-55,1,2
84,16.10.2022,,54.0,5,3.0,46-55,1,2
59,15.10.2022,Mann,55.0,5,4.0,46-55,1,2
71,15.10.2022,Mann,55.0,5,4.0,46-55,1,2
55,15.10.2022,Frau,56.0,5,3.0,56-65,1,2
58,15.10.2022,Mann,56.0,5,1.0,56-65,1,2
69,15.10.2022,Frau,56.0,5,2.0,56-65,1,2
118,11.11.2022,Frau,58.0,5,1.0,56-65,1,2
66,15.10.2022,Frau,62.0,5,,56-65,1,2
95,25.10.2022,Frau,67.0,5,3.0,66-75,1,2
101,25.10.2022,Frau,67.0,5,2.0,66-75,1,2
104,25.10.2022,Mann,70.0,5,2.0,66-75,1,2
111,26.10.2022,Mann,73.0,5,1.0,66-75,1,2
51,11.10.2022,,,5,1.0,,1,2
53,11.10.2022,,,5,4.0,,1,2
54,12.10.2022,,,5,1.0,,1,2
72,15.10.2022,Frau,,5,,,1,2
117,01.11.2022,Mann,18.0,6,2.0,18-25,7,1
57,15.10.2022,Frau,21.0,6,2.0,18-25,7,1
68,15.10.2022,Mann,21.0,6,1.0,18-25,7,1
80,16.10.2022,Frau,21.0,6,3.0,18-25,7,1
81,16.10.2022,Frau,21.0,6,4.0,18-25,7,1
79,16.10.2022,Mann,23.0,6,5.0,18-25,7,1
82,16.10.2022,Frau,23.0,6,5.0,18-25,7,1
89,16.10.2022,Mann,23.0,6,5.0,18-25,7,1
114,28.10.2022,Frau,23.0,6,5.0,18-25,7,1
115,28.10.2022,Frau,23.0,6,2.0,18-25,7,1
74,15.10.2022,Frau,24.0,6,2.0,18-25,7,1
78,16.10.2022,Frau,24.0,6,,18-25,7,1
83,16.10.2022,Frau,24.0,6,5.0,18-25,7,1
85,16.10.2022,Mann,24.0,6,1.0,18-25,7,1
90,17.10.2022,Frau,24.0,6,2.0,18-25,7,1
75,16.10.2022,Mann,25.0,6,2.0,18-25,7,1
97,25.10.2022,Frau,25.0,6,4.0,18-25,7,1
113,27.10.2022,Frau,25.0,6,2.0,18-25,7,1
77,16.10.2022,Mann,26.0,6,1.0,26-35,7,1
96,25.10.2022,Mann,26.0,6,2.0,26-35,7,1
76,16.10.2022,Mann,27.0,6,5.0,26-35,7,1
86,16.10.2022,Frau,28.0,6,4.0,26-35,7,1
87,16.10.2022,Mann,28.0,6,5.0,26-35,7,1
88,16.10.2022,Mann,28.0,6,3.0,26-35,7,1
91,18.10.2022,Frau,28.0,6,,26-35,7,1
92,21.10.2022,Mann,28.0,6,5.0,26-35,7,1
94,25.10.2022,Mann,28.0,6,5.0,26-35,7,1
102,25.10.2022,Mann,28.0,6,1.0,26-35,7,1
105,25.10.2022,Mann,28.0,6,4.0,26-35,7,1
112,26.10.2022,Mann,28.0,6,1.0,26-35,7,1
116,29.10.2022,Mann,28.0,6,1.0,26-35,7,1
103,25.10.2022,Frau,29.0,6,2.0,26-35,7,1
106,25.10.2022,Mann,29.0,6,3.0,26-35,7,1
109,26.10.2022,Mann,29.0,6,3.0,26-35,7,1
110,26.10.2022,Mann,29.0,6,1.0,26-35,7,1
62,15.10.2022,Frau,32.0,6,4.0,26-35,7,1
64,15.10.2022,Frau,32.0,6,1.0,26-35,7,1
100,25.10.2022,Frau,35.0,6,2.0,26-35,7,1
108,25.10.2022,Frau,35.0,6,4.0,26-35,7,1
73,15.10.2022,Mann,37.0,6,1.0,36-45,7,1
65,15.10.2022,Frau,41.0,6,,36-45,7,1
70,15.10.2022,Frau,41.0,6,1.0,36-45,7,1
60,15.10.2022,Frau,47.0,6,2.0,46-55,7,1
61,15.10.2022,Mann,47.0,6,,46-55,7,1
63,15.10.2022,Mann,50.0,6,1.0,46-55,7,1
98,25.10.2022,Mann,50.0,6,1.0,46-55,7,1
93,21.10.2022,Frau,52.0,6,2.0,46-55,7,1
56,15.10.2022,Frau,53.0,6,2.0,46-55,7,1
67,15.10.2022,Mann,54.0,6,2.0,46-55,7,1
84,16.10.2022,,54.0,6,2.0,46-55,7,1
59,15.10.2022,Mann,55.0,6,2.0,46-55,7,1
71,15.10.2022,Mann,55.0,6,1.0,46-55,7,1
55,15.10.2022,Frau,56.0,6,1.0,56-65,7,1
58,15.10.2022,Mann,56.0,6,1.0,56-65,7,1
69,15.10.2022,Frau,56.0,6,3.0,56-65,7,1
118,11.11.2022,Frau,58.0,6,1.0,56-65,7,1
66,15.10.2022,Frau,62.0,6,,56-65,7,1
95,25.10.2022,Frau,67.0,6,4.0,66-75,7,1
101,25.10.2022,Frau,67.0,6,1.0,66-75,7,1
104,25.10.2022,Mann,70.0,6,1.0,66-75,7,1
111,26.10.2022,Mann,73.0,6,3.0,66-75,7,1
51,11.10.2022,,,6,5.0,,7,1
53,11.10.2022,,,6,5.0,,7,1
54,12.10.2022,,,6,1.0,,7,1
72,15.10.2022,Frau,,6,3.0,,7,1
117,01.11.2022,Mann,18.0,7,5.0,18-25,1,3
57,15.10.2022,Frau,21.0,7,5.0,18-25,1,3
68,15.10.2022,Mann,21.0,7,5.0,18-25,1,3
80,16.10.2022,Frau,21.0,7,4.0,18-25,1,3
81,16.10.2022,Frau,21.0,7,5.0,18-25,1,3
79,16.10.2022,Mann,23.0,7,4.0,18-25,1,3
82,16.10.2022,Frau,23.0,7,5.0,18-25,1,3
89,16.10.2022,Mann,23.0,7,5.0,18-25,1,3
114,28.10.2022,Frau,23.0,7,1.0,18-25,1,3
115,28.10.2022,Frau,23.0,7,4.0,18-25,1,3
74,15.10.2022,Frau,24.0,7,4.0,18-25,1,3
78,16.10.2022,Frau,24.0,7,,18-25,1,3
83,16.10.2022,Frau,24.0,7,4.0,18-25,1,3
85,16.10.2022,Mann,24.0,7,5.0,18-25,1,3
90,17.10.2022,Frau,24.0,7,2.0,18-25,1,3
75,16.10.2022,Mann,25.0,7,5.0,18-25,1,3
97,25.10.2022,Frau,25.0,7,4.0,18-25,1,3
113,27.10.2022,Frau,25.0,7,4.0,18-25,1,3
77,16.10.2022,Mann,26.0,7,5.0,26-35,1,3
96,25.10.2022,Mann,26.0,7,5.0,26-35,1,3
76,16.10.2022,Mann,27.0,7,4.0,26-35,1,3
86,16.10.2022,Frau,28.0,7,4.0,26-35,1,3
87,16.10.2022,Mann,28.0,7,4.0,26-35,1,3
88,16.10.2022,Mann,28.0,7,5.0,26-35,1,3
91,18.10.2022,Frau,28.0,7,,26-35,1,3
92,21.10.2022,Mann,28.0,7,5.0,26-35,1,3
94,25.10.2022,Mann,28.0,7,2.0,26-35,1,3
102,25.10.2022,Mann,28.0,7,5.0,26-35,1,3
105,25.10.2022,Mann,28.0,7,4.0,26-35,1,3
112,26.10.2022,Mann,28.0,7,5.0,26-35,1,3
116,29.10.2022,Mann,28.0,7,5.0,26-35,1,3
103,25.10.2022,Frau,29.0,7,5.0,26-35,1,3
106,25.10.2022,Mann,29.0,7,3.0,26-35,1,3
109,26.10.2022,Mann,29.0,7,4.0,26-35,1,3
110,26.10.2022,Mann,29.0,7,3.0,26-35,1,3
62,15.10.2022,Frau,32.0,7,3.0,26-35,1,3
64,15.10.2022,Frau,32.0,7,5.0,26-35,1,3
100,25.10.2022,Frau,35.0,7,4.0,26-35,1,3
108,25.10.2022,Frau,35.0,7,2.0,26-35,1,3
73,15.10.2022,Mann,37.0,7,5.0,36-45,1,3
65,15.10.2022,Frau,41.0,7,,36-45,1,3
70,15.10.2022,Frau,41.0,7,3.0,36-45,1,3
60,15.10.2022,Frau,47.0,7,5.0,46-55,1,3
61,15.10.2022,Mann,47.0,7,,46-55,1,3
63,15.10.2022,Mann,50.0,7,5.0,46-55,1,3
98,25.10.2022,Mann,50.0,7,5.0,46-55,1,3
93,21.10.2022,Frau,52.0,7,3.0,46-55,1,3
56,15.10.2022,Frau,53.0,7,5.0,46-55,1,3
67,15.10.2022,Mann,54.0,7,5.0,46-55,1,3
84,16.10.2022,,54.0,7,5.0,46-55,1,3
59,15.10.2022,Mann,55.0,7,5.0,46-55,1,3
71,15.10.2022,Mann,55.0,7,5.0,46-55,1,3
55,15.10.2022,Frau,56.0,7,5.0,56-65,1,3
58,15.10.2022,Mann,56.0,7,5.0,56-65,1,3
69,15.10.2022,Frau,56.0,7,5.0,56-65,1,3
118,11.11.2022,Frau,58.0,7,3.0,56-65,1,3
66,15.10.2022,Frau,62.0,7,,56-65,1,3
95,25.10.2022,Frau,67.0,7,4.0,66-75,1,3
101,25.10.2022,Frau,67.0,7,5.0,66-75,1,3
104,25.10.2022,Mann,70.0,7,5.0,66-75,1,3
111,26.10.2022,Mann,73.0,7,5.0,66-75,1,3
51,11.10.2022,,,7,5.0,,1,3
53,11.10.2022,,,7,5.0,,1,3
54,12.10.2022,,,7,5.0,,1,3
72,15.10.2022,Frau,,7,3.0,,1,3
117,01.11.2022,Mann,18.0,8,1.0,18-25,5,2
57,15.10.2022,Frau,21.0,8,2.0,18-25,5,2
68,15.10.2022,Mann,21.0,8,1.0,18-25,5,2
80,16.10.2022,Frau,21.0,8,1.0,18-25,5,2
81,16.10.2022,Frau,21.0,8,1.0,18-25,5,2
79,16.10.2022,Mann,23.0,8,1.0,18-25,5,2
82,16.10.2022,Frau,23.0,8,2.0,18-25,5,2
89,16.10.2022,Mann,23.0,8,1.0,18-25,5,2
114,28.10.2022,Frau,23.0,8,2.0,18-25,5,2
115,28.10.2022,Frau,23.0,8,2.0,18-25,5,2
74,15.10.2022,Frau,24.0,8,1.0,18-25,5,2
78,16.10.2022,Frau,24.0,8,,18-25,5,2
83,16.10.2022,Frau,24.0,8,1.0,18-25,5,2
85,16.10.2022,Mann,24.0,8,1.0,18-25,5,2
90,17.10.2022,Frau,24.0,8,1.0,18-25,5,2
75,16.10.2022,Mann,25.0,8,1.0,18-25,5,2
97,25.10.2022,Frau,25.0,8,1.0,18-25,5,2
113,27.10.2022,Frau,25.0,8,1.0,18-25,5,2
77,16.10.2022,Mann,26.0,8,1.0,26-35,5,2
96,25.10.2022,Mann,26.0,8,1.0,26-35,5,2
76,16.10.2022,Mann,27.0,8,2.0,26-35,5,2
86,16.10.2022,Frau,28.0,8,1.0,26-35,5,2
87,16.10.2022,Mann,28.0,8,1.0,26-35,5,2
88,16.10.2022,Mann,28.0,8,1.0,26-35,5,2
91,18.10.2022,Frau,28.0,8,,26-35,5,2
92,21.10.2022,Mann,28.0,8,5.0,26-35,5,2
94,25.10.2022,Mann,28.0,8,2.0,26-35,5,2
102,25.10.2022,Mann,28.0,8,1.0,26-35,5,2
105,25.10.2022,Mann,28.0,8,1.0,26-35,5,2
112,26.10.2022,Mann,28.0,8,1.0,26-35,5,2
116,29.10.2022,Mann,28.0,8,1.0,26-35,5,2
103,25.10.2022,Frau,29.0,8,2.0,26-35,5,2
106,25.10.2022,Mann,29.0,8,2.0,26-35,5,2
109,26.10.2022,Mann,29.0,8,3.0,26-35,5,2
110,26.10.2022,Mann,29.0,8,1.0,26-35,5,2
62,15.10.2022,Frau,32.0,8,1.0,26-35,5,2
64,15.10.2022,Frau,32.0,8,1.0,26-35,5,2
100,25.10.2022,Frau,35.0,8,1.0,26-35,5,2
108,25.10.2022,Frau,35.0,8,2.0,26-35,5,2
73,15.10.2022,Mann,37.0,8,1.0,36-45,5,2
65,15.10.2022,Frau,41.0,8,,36-45,5,2
70,15.10.2022,Frau,41.0,8,2.0,36-45,5,2
60,15.10.2022,Frau,47.0,8,1.0,46-55,5,2
61,15.10.2022,Mann,47.0,8,,46-55,5,2
63,15.10.2022,Mann,50.0,8,1.0,46-55,5,2
98,25.10.2022,Mann,50.0,8,1.0,46-55,5,2
93,21.10.2022,Frau,52.0,8,1.0,46-55,5,2
56,15.10.2022,Frau,53.0,8,1.0,46-55,5,2
67,15.10.2022,Mann,54.0,8,1.0,46-55,5,2
84,16.10.2022,,54.0,8,1.0,46-55,5,2
59,15.10.2022,Mann,55.0,8,2.0,46-55,5,2
71,15.10.2022,Mann,55.0,8,1.0,46-55,5,2
55,15.10.2022,Frau,56.0,8,1.0,56-65,5,2
58,15.10.2022,Mann,56.0,8,1.0,56-65,5,2
69,15.10.2022,Frau,56.0,8,1.0,56-65,5,2
118,11.11.2022,Frau,58.0,8,2.0,56-65,5,2
66,15.10.2022,Frau,62.0,8,,56-65,5,2
95,25.10.2022,Frau,67.0,8,1.0,66-75,5,2
101,25.10.2022,Frau,67.0,8,1.0,66-75,5,2
104,25.10.2022,Mann,70.0,8,1.0,66-75,5,2
111,26.10.2022,Mann,73.0,8,2.0,66-75,5,2
51,11.10.2022,,,8,1.0,,5,2
53,11.10.2022,,,8,2.0,,5,2
54,12.10.2022,,,8,1.0,,5,2
72,15.10.2022,Frau,,8,3.0,,5,2
117,01.11.2022,Mann,18.0,9,5.0,18-25,2,1
57,15.10.2022,Frau,21.0,9,2.0,18-25,2,1
68,15.10.2022,Mann,21.0,9,5.0,18-25,2,1
80,16.10.2022,Frau,21.0,9,2.0,18-25,2,1
81,16.10.2022,Frau,21.0,9,2.0,18-25,2,1
79,16.10.2022,Mann,23.0,9,1.0,18-25,2,1
82,16.10.2022,Frau,23.0,9,1.0,18-25,2,1
89,16.10.2022,Mann,23.0,9,1.0,18-25,2,1
114,28.10.2022,Frau,23.0,9,1.0,18-25,2,1
115,28.10.2022,Frau,23.0,9,2.0,18-25,2,1
74,15.10.2022,Frau,24.0,9,1.0,18-25,2,1
78,16.10.2022,Frau,24.0,9,,18-25,2,1
83,16.10.2022,Frau,24.0,9,1.0,18-25,2,1
85,16.10.2022,Mann,24.0,9,5.0,18-25,2,1
90,17.10.2022,Frau,24.0,9,3.0,18-25,2,1
75,16.10.2022,Mann,25.0,9,4.0,18-25,2,1
97,25.10.2022,Frau,25.0,9,2.0,18-25,2,1
113,27.10.2022,Frau,25.0,9,1.0,18-25,2,1
77,16.10.2022,Mann,26.0,9,4.0,26-35,2,1
96,25.10.2022,Mann,26.0,9,3.0,26-35,2,1
76,16.10.2022,Mann,27.0,9,3.0,26-35,2,1
86,16.10.2022,Frau,28.0,9,1.0,26-35,2,1
87,16.10.2022,Mann,28.0,9,3.0,26-35,2,1
88,16.10.2022,Mann,28.0,9,2.0,26-35,2,1
91,18.10.2022,Frau,28.0,9,,26-35,2,1
92,21.10.2022,Mann,28.0,9,5.0,26-35,2,1
94,25.10.2022,Mann,28.0,9,1.0,26-35,2,1
102,25.10.2022,Mann,28.0,9,2.0,26-35,2,1
105,25.10.2022,Mann,28.0,9,2.0,26-35,2,1
112,26.10.2022,Mann,28.0,9,2.0,26-35,2,1
116,29.10.2022,Mann,28.0,9,1.0,26-35,2,1
103,25.10.2022,Frau,29.0,9,2.0,26-35,2,1
106,25.10.2022,Mann,29.0,9,1.0,26-35,2,1
109,26.10.2022,Mann,29.0,9,3.0,26-35,2,1
110,26.10.2022,Mann,29.0,9,4.0,26-35,2,1
62,15.10.2022,Frau,32.0,9,2.0,26-35,2,1
64,15.10.2022,Frau,32.0,9,5.0,26-35,2,1
100,25.10.2022,Frau,35.0,9,5.0,26-35,2,1
108,25.10.2022,Frau,35.0,9,2.0,26-35,2,1
73,15.10.2022,Mann,37.0,9,1.0,36-45,2,1
65,15.10.2022,Frau,41.0,9,,36-45,2,1
70,15.10.2022,Frau,41.0,9,2.0,36-45,2,1
60,15.10.2022,Frau,47.0,9,4.0,46-55,2,1
61,15.10.2022,Mann,47.0,9,,46-55,2,1
63,15.10.2022,Mann,50.0,9,5.0,46-55,2,1
98,25.10.2022,Mann,50.0,9,5.0,46-55,2,1
93,21.10.2022,Frau,52.0,9,2.0,46-55,2,1
56,15.10.2022,Frau,53.0,9,3.0,46-55,2,1
67,15.10.2022,Mann,54.0,9,3.0,46-55,2,1
84,16.10.2022,,54.0,9,3.0,46-55,2,1
59,15.10.2022,Mann,55.0,9,4.0,46-55,2,1
71,15.10.2022,Mann,55.0,9,4.0,46-55,2,1
55,15.10.2022,Frau,56.0,9,3.0,56-65,2,1
58,15.10.2022,Mann,56.0,9,5.0,56-65,2,1
69,15.10.2022,Frau,56.0,9,3.0,56-65,2,1
118,11.11.2022,Frau,58.0,9,3.0,56-65,2,1
66,15.10.2022,Frau,62.0,9,,56-65,2,1
95,25.10.2022,Frau,67.0,9,3.0,66-75,2,1
101,25.10.2022,Frau,67.0,9,5.0,66-75,2,1
104,25.10.2022,Mann,70.0,9,3.0,66-75,2,1
111,26.10.2022,Mann,73.0,9,3.0,66-75,2,1
51,11.10.2022,,,9,3.0,,2,1
53,11.10.2022,,,9,3.0,,2,1
54,12.10.2022,,,9,3.0,,2,1
72,15.10.2022,Frau,,9,3.0,,2,1
117,01.11.2022,Mann,18.0,10,4.0,18-25,3,1
57,15.10.2022,Frau,21.0,10,1.0,18-25,3,1
68,15.10.2022,Mann,21.0,10,1.0,18-25,3,1
80,16.10.2022,Frau,21.0,10,4.0,18-25,3,1
81,16.10.2022,Frau,21.0,10,1.0,18-25,3,1
79,16.10.2022,Mann,23.0,10,3.0,18-25,3,1
82,16.10.2022,Frau,23.0,10,5.0,18-25,3,1
89,16.10.2022,Mann,23.0,10,4.0,18-25,3,1
114,28.10.2022,Frau,23.0,10,5.0,18-25,3,1
115,28.10.2022,Frau,23.0,10,3.0,18-25,3,1
74,15.10.2022,Frau,24.0,10,2.0,18-25,3,1
78,16.10.2022,Frau,24.0,10,,18-25,3,1
83,16.10.2022,Frau,24.0,10,5.0,18-25,3,1
85,16.10.2022,Mann,24.0,10,1.0,18-25,3,1
90,17.10.2022,Frau,24.0,10,2.0,18-25,3,1
75,16.10.2022,Mann,25.0,10,3.0,18-25,3,1
97,25.10.2022,Frau,25.0,10,3.0,18-25,3,1
113,27.10.2022,Frau,25.0,10,4.0,18-25,3,1
77,16.10.2022,Mann,26.0,10,2.0,26-35,3,1
96,25.10.2022,Mann,26.0,10,2.0,26-35,3,1
76,16.10.2022,Mann,27.0,10,4.0,26-35,3,1
86,16.10.2022,Frau,28.0,10,5.0,26-35,3,1
87,16.10.2022,Mann,28.0,10,4.0,26-35,3,1
88,16.10.2022,Mann,28.0,10,2.0,26-35,3,1
91,18.10.2022,Frau,28.0,10,,26-35,3,1
92,21.10.2022,Mann,28.0,10,5.0,26-35,3,1
94,25.10.2022,Mann,28.0,10,4.0,26-35,3,1
102,25.10.2022,Mann,28.0,10,2.0,26-35,3,1
105,25.10.2022,Mann,28.0,10,4.0,26-35,3,1
112,26.10.2022,Mann,28.0,10,4.0,26-35,3,1
116,29.10.2022,Mann,28.0,10,5.0,26-35,3,1
103,25.10.2022,Frau,29.0,10,3.0,26-35,3,1
106,25.10.2022,Mann,29.0,10,3.0,26-35,3,1
109,26.10.2022,Mann,29.0,10,3.0,26-35,3,1
110,26.10.2022,Mann,29.0,10,3.0,26-35,3,1
62,15.10.2022,Frau,32.0,10,4.0,26-35,3,1
64,15.10.2022,Frau,32.0,10,1.0,26-35,3,1
100,25.10.2022,Frau,35.0,10,1.0,26-35,3,1
108,25.10.2022,Frau,35.0,10,4.0,26-35,3,1
73,15.10.2022,Mann,37.0,10,1.0,36-45,3,1
65,15.10.2022,Frau,41.0,10,,36-45,3,1
70,15.10.2022,Frau,41.0,10,3.0,36-45,3,1
60,15.10.2022,Frau,47.0,10,2.0,46-55,3,1
61,15.10.2022,Mann,47.0,10,,46-55,3,1
63,15.10.2022,Mann,50.0,10,1.0,46-55,3,1
98,25.10.2022,Mann,50.0,10,1.0,46-55,3,1
93,21.10.2022,Frau,52.0,10,3.0,46-55,3,1
56,15.10.2022,Frau,53.0,10,5.0,46-55,3,1
67,15.10.2022,Mann,54.0,10,3.0,46-55,3,1
84,16.10.2022,,54.0,10,1.0,46-55,3,1
59,15.10.2022,Mann,55.0,10,1.0,46-55,3,1
71,15.10.2022,Mann,55.0,10,4.0,46-55,3,1
55,15.10.2022,Frau,56.0,10,1.0,56-65,3,1
58,15.10.2022,Mann,56.0,10,3.0,56-65,3,1
69,15.10.2022,Frau,56.0,10,1.0,56-65,3,1
118,11.11.2022,Frau,58.0,10,1.0,56-65,3,1
66,15.10.2022,Frau,62.0,10,,56-65,3,1
95,25.10.2022,Frau,67.0,10,2.0,66-75,3,1
101,25.10.2022,Frau,67.0,10,3.0,66-75,3,1
104,25.10.2022,Mann,70.0,10,1.0,66-75,3,1
111,26.10.2022,Mann,73.0,10,4.0,66-75,3,1
51,11.10.2022,,,10,3.0,,3,1
53,11.10.2022,,,10,2.0,,3,1
54,12.10.2022,,,10,2.0,,3,1
72,15.10.2022,Frau,,10,3.0,,3,1
117,01.11.2022,Mann,18.0,11,5.0,18-25,6,1
57,15.10.2022,Frau,21.0,11,1.0,18-25,6,1
68,15.10.2022,Mann,21.0,11,5.0,18-25,6,1
80,16.10.2022,Frau,21.0,11,2.0,18-25,6,1
81,16.10.2022,Frau,21.0,11,3.0,18-25,6,1
79,16.10.2022,Mann,23.0,11,5.0,18-25,6,1
82,16.10.2022,Frau,23.0,11,5.0,18-25,6,1
89,16.10.2022,Mann,23.0,11,1.0,18-25,6,1
114,28.10.2022,Frau,23.0,11,2.0,18-25,6,1
115,28.10.2022,Frau,23.0,11,3.0,18-25,6,1
74,15.10.2022,Frau,24.0,11,4.0,18-25,6,1
78,16.10.2022,Frau,24.0,11,,18-25,6,1
83,16.10.2022,Frau,24.0,11,4.0,18-25,6,1
85,16.10.2022,Mann,24.0,11,3.0,18-25,6,1
90,17.10.2022,Frau,24.0,11,3.0,18-25,6,1
75,16.10.2022,Mann,25.0,11,5.0,18-25,6,1
97,25.10.2022,Frau,25.0,11,4.0,18-25,6,1
113,27.10.2022,Frau,25.0,11,3.0,18-25,6,1
77,16.10.2022,Mann,26.0,11,5.0,26-35,6,1
96,25.10.2022,Mann,26.0,11,5.0,26-35,6,1
76,16.10.2022,Mann,27.0,11,2.0,26-35,6,1
86,16.10.2022,Frau,28.0,11,4.0,26-35,6,1
87,16.10.2022,Mann,28.0,11,4.0,26-35,6,1
88,16.10.2022,Mann,28.0,11,3.0,26-35,6,1
91,18.10.2022,Frau,28.0,11,,26-35,6,1
92,21.10.2022,Mann,28.0,11,5.0,26-35,6,1
94,25.10.2022,Mann,28.0,11,3.0,26-35,6,1
102,25.10.2022,Mann,28.0,11,2.0,26-35,6,1
105,25.10.2022,Mann,28.0,11,4.0,26-35,6,1
112,26.10.2022,Mann,28.0,11,5.0,26-35,6,1
116,29.10.2022,Mann,28.0,11,5.0,26-35,6,1
103,25.10.2022,Frau,29.0,11,2.0,26-35,6,1
106,25.10.2022,Mann,29.0,11,3.0,26-35,6,1
109,26.10.2022,Mann,29.0,11,2.0,26-35,6,1
110,26.10.2022,Mann,29.0,11,5.0,26-35,6,1
62,15.10.2022,Frau,32.0,11,4.0,26-35,6,1
64,15.10.2022,Frau,32.0,11,5.0,26-35,6,1
100,25.10.2022,Frau,35.0,11,2.0,26-35,6,1
108,25.10.2022,Frau,35.0,11,4.0,26-35,6,1
73,15.10.2022,Mann,37.0,11,5.0,36-45,6,1
65,15.10.2022,Frau,41.0,11,,36-45,6,1
70,15.10.2022,Frau,41.0,11,2.0,36-45,6,1
60,15.10.2022,Frau,47.0,11,3.0,46-55,6,1
61,15.10.2022,Mann,47.0,11,,46-55,6,1
63,15.10.2022,Mann,50.0,11,5.0,46-55,6,1
98,25.10.2022,Mann,50.0,11,5.0,46-55,6,1
93,21.10.2022,Frau,52.0,11,5.0,46-55,6,1
56,15.10.2022,Frau,53.0,11,3.0,46-55,6,1
67,15.10.2022,Mann,54.0,11,3.0,46-55,6,1
84,16.10.2022,,54.0,11,,46-55,6,1
59,15.10.2022,Mann,55.0,11,3.0,46-55,6,1
71,15.10.2022,Mann,55.0,11,5.0,46-55,6,1
55,15.10.2022,Frau,56.0,11,1.0,56-65,6,1
58,15.10.2022,Mann,56.0,11,5.0,56-65,6,1
69,15.10.2022,Frau,56.0,11,3.0,56-65,6,1
118,11.11.2022,Frau,58.0,11,4.0,56-65,6,1
66,15.10.2022,Frau,62.0,11,,56-65,6,1
95,25.10.2022,Frau,67.0,11,3.0,66-75,6,1
101,25.10.2022,Frau,67.0,11,1.0,66-75,6,1
104,25.10.2022,Mann,70.0,11,1.0,66-75,6,1
111,26.10.2022,Mann,73.0,11,5.0,66-75,6,1
51,11.10.2022,,,11,5.0,,6,1
53,11.10.2022,,,11,5.0,,6,1
54,12.10.2022,,,11,3.0,,6,1
72,15.10.2022,Frau,,11,,,6,1
117,01.11.2022,Mann,18.0,12,3.0,18-25,4,1
57,15.10.2022,Frau,21.0,12,3.0,18-25,4,1
68,15.10.2022,Mann,21.0,12,1.0,18-25,4,1
80,16.10.2022,Frau,21.0,12,4.0,18-25,4,1
81,16.10.2022,Frau,21.0,12,1.0,18-25,4,1
79,16.10.2022,Mann,23.0,12,5.0,18-25,4,1
82,16.10.2022,Frau,23.0,12,5.0,18-25,4,1
89,16.10.2022,Mann,23.0,12,5.0,18-25,4,1
114,28.10.2022,Frau,23.0,12,4.0,18-25,4,1
115,28.10.2022,Frau,23.0,12,4.0,18-25,4,1
74,15.10.2022,Frau,24.0,12,2.0,18-25,4,1
78,16.10.2022,Frau,24.0,12,,18-25,4,1
83,16.10.2022,Frau,24.0,12,5.0,18-25,4,1
85,16.10.2022,Mann,24.0,12,1.0,18-25,4,1
90,17.10.2022,Frau,24.0,12,2.0,18-25,4,1
75,16.10.2022,Mann,25.0,12,2.0,18-25,4,1
97,25.10.2022,Frau,25.0,12,4.0,18-25,4,1
113,27.10.2022,Frau,25.0,12,5.0,18-25,4,1
77,16.10.2022,Mann,26.0,12,1.0,26-35,4,1
96,25.10.2022,Mann,26.0,12,4.0,26-35,4,1
76,16.10.2022,Mann,27.0,12,3.0,26-35,4,1
86,16.10.2022,Frau,28.0,12,5.0,26-35,4,1
87,16.10.2022,Mann,28.0,12,4.0,26-35,4,1
88,16.10.2022,Mann,28.0,12,2.0,26-35,4,1
91,18.10.2022,Frau,28.0,12,,26-35,4,1
92,21.10.2022,Mann,28.0,12,5.0,26-35,4,1
94,25.10.2022,Mann,28.0,12,4.0,26-35,4,1
102,25.10.2022,Mann,28.0,12,2.0,26-35,4,1
105,25.10.2022,Mann,28.0,12,4.0,26-35,4,1
112,26.10.2022,Mann,28.0,12,3.0,26-35,4,1
116,29.10.2022,Mann,28.0,12,2.0,26-35,4,1
103,25.10.2022,Frau,29.0,12,3.0,26-35,4,1
106,25.10.2022,Mann,29.0,12,3.0,26-35,4,1
109,26.10.2022,Mann,29.0,12,4.0,26-35,4,1
110,26.10.2022,Mann,29.0,12,1.0,26-35,4,1
62,15.10.2022,Frau,32.0,12,3.0,26-35,4,1
64,15.10.2022,Frau,32.0,12,1.0,26-35,4,1
100,25.10.2022,Frau,35.0,12,3.0,26-35,4,1
108,25.10.2022,Frau,35.0,12,3.0,26-35,4,1
73,15.10.2022,Mann,37.0,12,2.0,36-45,4,1
65,15.10.2022,Frau,41.0,12,,36-45,4,1
70,15.10.2022,Frau,41.0,12,3.0,36-45,4,1
60,15.10.2022,Frau,47.0,12,1.0,46-55,4,1
61,15.10.2022,Mann,47.0,12,,46-55,4,1
63,15.10.2022,Mann,50.0,12,1.0,46-55,4,1
98,25.10.2022,Mann,50.0,12,1.0,46-55,4,1
93,21.10.2022,Frau,52.0,12,4.0,46-55,4,1
56,15.10.2022,Frau,53.0,12,1.0,46-55,4,1
67,15.10.2022,Mann,54.0,12,2.0,46-55,4,1
84,16.10.2022,,54.0,12,1.0,46-55,4,1
59,15.10.2022,Mann,55.0,12,3.0,46-55,4,1
71,15.10.2022,Mann,55.0,12,2.0,46-55,4,1
55,15.10.2022,Frau,56.0,12,3.0,56-65,4,1
58,15.10.2022,Mann,56.0,12,2.0,56-65,4,1
69,15.10.2022,Frau,56.0,12,5.0,56-65,4,1
118,11.11.2022,Frau,58.0,12,3.0,56-65,4,1
66,15.10.2022,Frau,62.0,12,,56-65,4,1
95,25.10.2022,Frau,67.0,12,3.0,66-75,4,1
101,25.10.2022,Frau,67.0,12,3.0,66-75,4,1
104,25.10.2022,Mann,70.0,12,4.0,66-75,4,1
111,26.10.2022,Mann,73.0,12,3.0,66-75,4,1
51,11.10.2022,,,12,1.0,,4,1
53,11.10.2022,,,12,4.0,,4,1
54,12.10.2022,,,12,2.0,,4,1
72,15.10.2022,Frau,,12,,,4,1
117,01.11.2022,Mann,18.0,13,1.0,18-25,4,2
57,15.10.2022,Frau,21.0,13,5.0,18-25,4,2
68,15.10.2022,Mann,21.0,13,1.0,18-25,4,2
80,16.10.2022,Frau,21.0,13,4.0,18-25,4,2
81,16.10.2022,Frau,21.0,13,1.0,18-25,4,2
79,16.10.2022,Mann,23.0,13,4.0,18-25,4,2
82,16.10.2022,Frau,23.0,13,5.0,18-25,4,2
89,16.10.2022,Mann,23.0,13,5.0,18-25,4,2
114,28.10.2022,Frau,23.0,13,5.0,18-25,4,2
115,28.10.2022,Frau,23.0,13,2.0,18-25,4,2
74,15.10.2022,Frau,24.0,13,1.0,18-25,4,2
78,16.10.2022,Frau,24.0,13,,18-25,4,2
83,16.10.2022,Frau,24.0,13,5.0,18-25,4,2
85,16.10.2022,Mann,24.0,13,1.0,18-25,4,2
90,17.10.2022,Frau,24.0,13,4.0,18-25,4,2
75,16.10.2022,Mann,25.0,13,1.0,18-25,4,2
97,25.10.2022,Frau,25.0,13,4.0,18-25,4,2
113,27.10.2022,Frau,25.0,13,4.0,18-25,4,2
77,16.10.2022,Mann,26.0,13,2.0,26-35,4,2
96,25.10.2022,Mann,26.0,13,2.0,26-35,4,2
76,16.10.2022,Mann,27.0,13,5.0,26-35,4,2
86,16.10.2022,Frau,28.0,13,4.0,26-35,4,2
87,16.10.2022,Mann,28.0,13,4.0,26-35,4,2
88,16.10.2022,Mann,28.0,13,3.0,26-35,4,2
91,18.10.2022,Frau,28.0,13,,26-35,4,2
92,21.10.2022,Mann,28.0,13,5.0,26-35,4,2
94,25.10.2022,Mann,28.0,13,4.0,26-35,4,2
102,25.10.2022,Mann,28.0,13,4.0,26-35,4,2
105,25.10.2022,Mann,28.0,13,1.0,26-35,4,2
112,26.10.2022,Mann,28.0,13,3.0,26-35,4,2
116,29.10.2022,Mann,28.0,13,3.0,26-35,4,2
103,25.10.2022,Frau,29.0,13,1.0,26-35,4,2
106,25.10.2022,Mann,29.0,13,3.0,26-35,4,2
109,26.10.2022,Mann,29.0,13,4.0,26-35,4,2
110,26.10.2022,Mann,29.0,13,1.0,26-35,4,2
62,15.10.2022,Frau,32.0,13,5.0,26-35,4,2
64,15.10.2022,Frau,32.0,13,1.0,26-35,4,2
100,25.10.2022,Frau,35.0,13,1.0,26-35,4,2
108,25.10.2022,Frau,35.0,13,4.0,26-35,4,2
73,15.10.2022,Mann,37.0,13,1.0,36-45,4,2
65,15.10.2022,Frau,41.0,13,,36-45,4,2
70,15.10.2022,Frau,41.0,13,1.0,36-45,4,2
60,15.10.2022,Frau,47.0,13,2.0,46-55,4,2
61,15.10.2022,Mann,47.0,13,,46-55,4,2
63,15.10.2022,Mann,50.0,13,1.0,46-55,4,2
98,25.10.2022,Mann,50.0,13,2.0,46-55,4,2
93,21.10.2022,Frau,52.0,13,4.0,46-55,4,2
56,15.10.2022,Frau,53.0,13,5.0,46-55,4,2
67,15.10.2022,Mann,54.0,13,1.0,46-55,4,2
84,16.10.2022,,54.0,13,2.0,46-55,4,2
59,15.10.2022,Mann,55.0,13,1.0,46-55,4,2
71,15.10.2022,Mann,55.0,13,1.0,46-55,4,2
55,15.10.2022,Frau,56.0,13,1.0,56-65,4,2
58,15.10.2022,Mann,56.0,13,1.0,56-65,4,2
69,15.10.2022,Frau,56.0,13,1.0,56-65,4,2
118,11.11.2022,Frau,58.0,13,1.0,56-65,4,2
66,15.10.2022,Frau,62.0,13,,56-65,4,2
95,25.10.2022,Frau,67.0,13,1.0,66-75,4,2
101,25.10.2022,Frau,67.0,13,1.0,66-75,4,2
104,25.10.2022,Mann,70.0,13,1.0,66-75,4,2
111,26.10.2022,Mann,73.0,13,2.0,66-75,4,2
51,11.10.2022,,,13,3.0,,4,2
53,11.10.2022,,,13,5.0,,4,2
54,12.10.2022,,,13,2.0,,4,2
72,15.10.2022,Frau,,13,,,4,2
117,01.11.2022,Mann,18.0,14,4.0,18-25,7,2
57,15.10.2022,Frau,21.0,14,4.0,18-25,7,2
68,15.10.2022,Mann,21.0,14,1.0,18-25,7,2
80,16.10.2022,Frau,21.0,14,4.0,18-25,7,2
81,16.10.2022,Frau,21.0,14,5.0,18-25,7,2
79,16.10.2022,Mann,23.0,14,5.0,18-25,7,2
82,16.10.2022,Frau,23.0,14,4.0,18-25,7,2
89,16.10.2022,Mann,23.0,14,5.0,18-25,7,2
114,28.10.2022,Frau,23.0,14,5.0,18-25,7,2
115,28.10.2022,Frau,23.0,14,3.0,18-25,7,2
74,15.10.2022,Frau,24.0,14,2.0,18-25,7,2
78,16.10.2022,Frau,24.0,14,,18-25,7,2
83,16.10.2022,Frau,24.0,14,3.0,18-25,7,2
85,16.10.2022,Mann,24.0,14,1.0,18-25,7,2
90,17.10.2022,Frau,24.0,14,4.0,18-25,7,2
75,16.10.2022,Mann,25.0,14,1.0,18-25,7,2
97,25.10.2022,Frau,25.0,14,4.0,18-25,7,2
113,27.10.2022,Frau,25.0,14,5.0,18-25,7,2
77,16.10.2022,Mann,26.0,14,1.0,26-35,7,2
96,25.10.2022,Mann,26.0,14,4.0,26-35,7,2
76,16.10.2022,Mann,27.0,14,4.0,26-35,7,2
86,16.10.2022,Frau,28.0,14,5.0,26-35,7,2
87,16.10.2022,Mann,28.0,14,3.0,26-35,7,2
88,16.10.2022,Mann,28.0,14,3.0,26-35,7,2
91,18.10.2022,Frau,28.0,14,,26-35,7,2
92,21.10.2022,Mann,28.0,14,5.0,26-35,7,2
94,25.10.2022,Mann,28.0,14,5.0,26-35,7,2
102,25.10.2022,Mann,28.0,14,1.0,26-35,7,2
105,25.10.2022,Mann,28.0,14,4.0,26-35,7,2
112,26.10.2022,Mann,28.0,14,2.0,26-35,7,2
116,29.10.2022,Mann,28.0,14,3.0,26-35,7,2
103,25.10.2022,Frau,29.0,14,3.0,26-35,7,2
106,25.10.2022,Mann,29.0,14,3.0,26-35,7,2
109,26.10.2022,Mann,29.0,14,2.0,26-35,7,2
110,26.10.2022,Mann,29.0,14,1.0,26-35,7,2
62,15.10.2022,Frau,32.0,14,4.0,26-35,7,2
64,15.10.2022,Frau,32.0,14,1.0,26-35,7,2
100,25.10.2022,Frau,35.0,14,2.0,26-35,7,2
108,25.10.2022,Frau,35.0,14,5.0,26-35,7,2
73,15.10.2022,Mann,37.0,14,1.0,36-45,7,2
65,15.10.2022,Frau,41.0,14,,36-45,7,2
70,15.10.2022,Frau,41.0,14,3.0,36-45,7,2
60,15.10.2022,Frau,47.0,14,1.0,46-55,7,2
61,15.10.2022,Mann,47.0,14,,46-55,7,2
63,15.10.2022,Mann,50.0,14,1.0,46-55,7,2
98,25.10.2022,Mann,50.0,14,1.0,46-55,7,2
93,21.10.2022,Frau,52.0,14,4.0,46-55,7,2
56,15.10.2022,Frau,53.0,14,5.0,46-55,7,2
67,15.10.2022,Mann,54.0,14,3.0,46-55,7,2
84,16.10.2022,,54.0,14,1.0,46-55,7,2
59,15.10.2022,Mann,55.0,14,2.0,46-55,7,2
71,15.10.2022,Mann,55.0,14,1.0,46-55,7,2
55,15.10.2022,Frau,56.0,14,1.0,56-65,7,2
58,15.10.2022,Mann,56.0,14,1.0,56-65,7,2
69,15.10.2022,Frau,56.0,14,3.0,56-65,7,2
118,11.11.2022,Frau,58.0,14,3.0,56-65,7,2
66,15.10.2022,Frau,62.0,14,,56-65,7,2
95,25.10.2022,Frau,67.0,14,1.0,66-75,7,2
101,25.10.2022,Frau,67.0,14,1.0,66-75,7,2
104,25.10.2022,Mann,70.0,14,1.0,66-75,7,2
111,26.10.2022,Mann,73.0,14,2.0,66-75,7,2
51,11.10.2022,,,14,,,7,2
53,11.10.2022,,,14,4.0,,7,2
54,12.10.2022,,,14,1.0,,7,2
72,15.10.2022,Frau,,14,,,7,2
117,01.11.2022,Mann,18.0,15,1.0,18-25,4,3
57,15.10.2022,Frau,21.0,15,3.0,18-25,4,3
68,15.10.2022,Mann,21.0,15,1.0,18-25,4,3
80,16.10.2022,Frau,21.0,15,4.0,18-25,4,3
81,16.10.2022,Frau,21.0,15,5.0,18-25,4,3
79,16.10.2022,Mann,23.0,15,2.0,18-25,4,3
82,16.10.2022,Frau,23.0,15,5.0,18-25,4,3
89,16.10.2022,Mann,23.0,15,4.0,18-25,4,3
114,28.10.2022,Frau,23.0,15,4.0,18-25,4,3
115,28.10.2022,Frau,23.0,15,4.0,18-25,4,3
74,15.10.2022,Frau,24.0,15,1.0,18-25,4,3
78,16.10.2022,Frau,24.0,15,,18-25,4,3
83,16.10.2022,Frau,24.0,15,5.0,18-25,4,3
85,16.10.2022,Mann,24.0,15,1.0,18-25,4,3
90,17.10.2022,Frau,24.0,15,4.0,18-25,4,3
75,16.10.2022,Mann,25.0,15,3.0,18-25,4,3
97,25.10.2022,Frau,25.0,15,2.0,18-25,4,3
113,27.10.2022,Frau,25.0,15,3.0,18-25,4,3
77,16.10.2022,Mann,26.0,15,1.0,26-35,4,3
96,25.10.2022,Mann,26.0,15,2.0,26-35,4,3
76,16.10.2022,Mann,27.0,15,5.0,26-35,4,3
86,16.10.2022,Frau,28.0,15,5.0,26-35,4,3
87,16.10.2022,Mann,28.0,15,5.0,26-35,4,3
88,16.10.2022,Mann,28.0,15,4.0,26-35,4,3
91,18.10.2022,Frau,28.0,15,,26-35,4,3
92,21.10.2022,Mann,28.0,15,5.0,26-35,4,3
94,25.10.2022,Mann,28.0,15,5.0,26-35,4,3
102,25.10.2022,Mann,28.0,15,1.0,26-35,4,3
105,25.10.2022,Mann,28.0,15,5.0,26-35,4,3
112,26.10.2022,Mann,28.0,15,1.0,26-35,4,3
116,29.10.2022,Mann,28.0,15,4.0,26-35,4,3
103,25.10.2022,Frau,29.0,15,3.0,26-35,4,3
106,25.10.2022,Mann,29.0,15,3.0,26-35,4,3
109,26.10.2022,Mann,29.0,15,4.0,26-35,4,3
110,26.10.2022,Mann,29.0,15,2.0,26-35,4,3
62,15.10.2022,Frau,32.0,15,5.0,26-35,4,3
64,15.10.2022,Frau,32.0,15,1.0,26-35,4,3
100,25.10.2022,Frau,35.0,15,1.0,26-35,4,3
108,25.10.2022,Frau,35.0,15,4.0,26-35,4,3
73,15.10.2022,Mann,37.0,15,1.0,36-45,4,3
65,15.10.2022,Frau,41.0,15,,36-45,4,3
70,15.10.2022,Frau,41.0,15,2.0,36-45,4,3
60,15.10.2022,Frau,47.0,15,1.0,46-55,4,3
61,15.10.2022,Mann,47.0,15,,46-55,4,3
63,15.10.2022,Mann,50.0,15,1.0,46-55,4,3
98,25.10.2022,Mann,50.0,15,2.0,46-55,4,3
93,21.10.2022,Frau,52.0,15,,46-55,4,3
56,15.10.2022,Frau,53.0,15,5.0,46-55,4,3
67,15.10.2022,Mann,54.0,15,4.0,46-55,4,3
84,16.10.2022,,54.0,15,4.0,46-55,4,3
59,15.10.2022,Mann,55.0,15,2.0,46-55,4,3
71,15.10.2022,Mann,55.0,15,2.0,46-55,4,3
55,15.10.2022,Frau,56.0,15,3.0,56-65,4,3
58,15.10.2022,Mann,56.0,15,3.0,56-65,4,3
69,15.10.2022,Frau,56.0,15,2.0,56-65,4,3
118,11.11.2022,Frau,58.0,15,2.0,56-65,4,3
66,15.10.2022,Frau,62.0,15,,56-65,4,3
95,25.10.2022,Frau,67.0,15,3.0,66-75,4,3
101,25.10.2022,Frau,67.0,15,3.0,66-75,4,3
104,25.10.2022,Mann,70.0,15,3.0,66-75,4,3
111,26.10.2022,Mann,73.0,15,4.0,66-75,4,3
51,11.10.2022,,,15,5.0,,4,3
53,11.10.2022,,,15,5.0,,4,3
54,12.10.2022,,,15,4.0,,4,3
72,15.10.2022,Frau,,15,,,4,3
117,01.11.2022,Mann,18.0,16,4.0,18-25,3,2
57,15.10.2022,Frau,21.0,16,3.0,18-25,3,2
68,15.10.2022,Mann,21.0,16,1.0,18-25,3,2
80,16.10.2022,Frau,21.0,16,4.0,18-25,3,2
81,16.10.2022,Frau,21.0,16,4.0,18-25,3,2
79,16.10.2022,Mann,23.0,16,3.0,18-25,3,2
82,16.10.2022,Frau,23.0,16,4.0,18-25,3,2
89,16.10.2022,Mann,23.0,16,4.0,18-25,3,2
114,28.10.2022,Frau,23.0,16,5.0,18-25,3,2
115,28.10.2022,Frau,23.0,16,3.0,18-25,3,2
74,15.10.2022,Frau,24.0,16,2.0,18-25,3,2
78,16.10.2022,Frau,24.0,16,,18-25,3,2
83,16.10.2022,Frau,24.0,16,3.0,18-25,3,2
85,16.10.2022,Mann,24.0,16,2.0,18-25,3,2
90,17.10.2022,Frau,24.0,16,2.0,18-25,3,2
75,16.10.2022,Mann,25.0,16,4.0,18-25,3,2
97,25.10.2022,Frau,25.0,16,3.0,18-25,3,2
113,27.10.2022,Frau,25.0,16,4.0,18-25,3,2
77,16.10.2022,Mann,26.0,16,2.0,26-35,3,2
96,25.10.2022,Mann,26.0,16,3.0,26-35,3,2
76,16.10.2022,Mann,27.0,16,5.0,26-35,3,2
86,16.10.2022,Frau,28.0,16,5.0,26-35,3,2
87,16.10.2022,Mann,28.0,16,4.0,26-35,3,2
88,16.10.2022,Mann,28.0,16,3.0,26-35,3,2
91,18.10.2022,Frau,28.0,16,,26-35,3,2
92,21.10.2022,Mann,28.0,16,5.0,26-35,3,2
94,25.10.2022,Mann,28.0,16,4.0,26-35,3,2
102,25.10.2022,Mann,28.0,16,3.0,26-35,3,2
105,25.10.2022,Mann,28.0,16,3.0,26-35,3,2
112,26.10.2022,Mann,28.0,16,5.0,26-35,3,2
116,29.10.2022,Mann,28.0,16,4.0,26-35,3,2
103,25.10.2022,Frau,29.0,16,3.0,26-35,3,2
106,25.10.2022,Mann,29.0,16,3.0,26-35,3,2
109,26.10.2022,Mann,29.0,16,2.0,26-35,3,2
110,26.10.2022,Mann,29.0,16,1.0,26-35,3,2
62,15.10.2022,Frau,32.0,16,3.0,26-35,3,2
64,15.10.2022,Frau,32.0,16,,26-35,3,2
100,25.10.2022,Frau,35.0,16,2.0,26-35,3,2
108,25.10.2022,Frau,35.0,16,4.0,26-35,3,2
73,15.10.2022,Mann,37.0,16,1.0,36-45,3,2
65,15.10.2022,Frau,41.0,16,,36-45,3,2
70,15.10.2022,Frau,41.0,16,2.0,36-45,3,2
60,15.10.2022,Frau,47.0,16,3.0,46-55,3,2
61,15.10.2022,Mann,47.0,16,,46-55,3,2
63,15.10.2022,Mann,50.0,16,1.0,46-55,3,2
98,25.10.2022,Mann,50.0,16,2.0,46-55,3,2
93,21.10.2022,Frau,52.0,16,3.0,46-55,3,2
56,15.10.2022,Frau,53.0,16,1.0,46-55,3,2
67,15.10.2022,Mann,54.0,16,3.0,46-55,3,2
84,16.10.2022,,54.0,16,1.0,46-55,3,2
59,15.10.2022,Mann,55.0,16,2.0,46-55,3,2
71,15.10.2022,Mann,55.0,16,2.0,46-55,3,2
55,15.10.2022,Frau,56.0,16,1.0,56-65,3,2
58,15.10.2022,Mann,56.0,16,3.0,56-65,3,2
69,15.10.2022,Frau,56.0,16,3.0,56-65,3,2
118,11.11.2022,Frau,58.0,16,1.0,56-65,3,2
66,15.10.2022,Frau,62.0,16,,56-65,3,2
95,25.10.2022,Frau,67.0,16,2.0,66-75,3,2
101,25.10.2022,Frau,67.0,16,1.0,66-75,3,2
104,25.10.2022,Mann,70.0,16,1.0,66-75,3,2
111,26.10.2022,Mann,73.0,16,2.0,66-75,3,2
51,11.10.2022,,,16,4.0,,3,2
53,11.10.2022,,,16,2.0,,3,2
54,12.10.2022,,,16,3.0,,3,2
72,15.10.2022,Frau,,16,,,3,2
117,01.11.2022,Mann,18.0,17,4.0,18-25,2,2
57,15.10.2022,Frau,21.0,17,3.0,18-25,2,2
68,15.10.2022,Mann,21.0,17,5.0,18-25,2,2
80,16.10.2022,Frau,21.0,17,2.0,18-25,2,2
81,16.10.2022,Frau,21.0,17,3.0,18-25,2,2
79,16.10.2022,Mann,23.0,17,1.0,18-25,2,2
82,16.10.2022,Frau,23.0,17,1.0,18-25,2,2
89,16.10.2022,Mann,23.0,17,1.0,18-25,2,2
114,28.10.2022,Frau,23.0,17,1.0,18-25,2,2
115,28.10.2022,Frau,23.0,17,2.0,18-25,2,2
74,15.10.2022,Frau,24.0,17,4.0,18-25,2,2
78,16.10.2022,Frau,24.0,17,,18-25,2,2
83,16.10.2022,Frau,24.0,17,1.0,18-25,2,2
85,16.10.2022,Mann,24.0,17,5.0,18-25,2,2
90,17.10.2022,Frau,24.0,17,3.0,18-25,2,2
75,16.10.2022,Mann,25.0,17,4.0,18-25,2,2
97,25.10.2022,Frau,25.0,17,2.0,18-25,2,2
113,27.10.2022,Frau,25.0,17,1.0,18-25,2,2
77,16.10.2022,Mann,26.0,17,4.0,26-35,2,2
96,25.10.2022,Mann,26.0,17,3.0,26-35,2,2
76,16.10.2022,Mann,27.0,17,2.0,26-35,2,2
86,16.10.2022,Frau,28.0,17,3.0,26-35,2,2
87,16.10.2022,Mann,28.0,17,3.0,26-35,2,2
88,16.10.2022,Mann,28.0,17,2.0,26-35,2,2
91,18.10.2022,Frau,28.0,17,,26-35,2,2
92,21.10.2022,Mann,28.0,17,5.0,26-35,2,2
94,25.10.2022,Mann,28.0,17,1.0,26-35,2,2
102,25.10.2022,Mann,28.0,17,3.0,26-35,2,2
105,25.10.2022,Mann,28.0,17,4.0,26-35,2,2
112,26.10.2022,Mann,28.0,17,2.0,26-35,2,2
116,29.10.2022,Mann,28.0,17,1.0,26-35,2,2
103,25.10.2022,Frau,29.0,17,3.0,26-35,2,2
106,25.10.2022,Mann,29.0,17,2.0,26-35,2,2
109,26.10.2022,Mann,29.0,17,2.0,26-35,2,2
110,26.10.2022,Mann,29.0,17,4.0,26-35,2,2
62,15.10.2022,Frau,32.0,17,3.0,26-35,2,2
64,15.10.2022,Frau,32.0,17,,26-35,2,2
100,25.10.2022,Frau,35.0,17,4.0,26-35,2,2
108,25.10.2022,Frau,35.0,17,2.0,26-35,2,2
73,15.10.2022,Mann,37.0,17,5.0,36-45,2,2
65,15.10.2022,Frau,41.0,17,,36-45,2,2
70,15.10.2022,Frau,41.0,17,2.0,36-45,2,2
60,15.10.2022,Frau,47.0,17,4.0,46-55,2,2
61,15.10.2022,Mann,47.0,17,,46-55,2,2
63,15.10.2022,Mann,50.0,17,5.0,46-55,2,2
98,25.10.2022,Mann,50.0,17,5.0,46-55,2,2
93,21.10.2022,Frau,52.0,17,2.0,46-55,2,2
56,15.10.2022,Frau,53.0,17,5.0,46-55,2,2
67,15.10.2022,Mann,54.0,17,4.0,46-55,2,2
84,16.10.2022,,54.0,17,,46-55,2,2
59,15.10.2022,Mann,55.0,17,4.0,46-55,2,2
71,15.10.2022,Mann,55.0,17,4.0,46-55,2,2
55,15.10.2022,Frau,56.0,17,4.0,56-65,2,2
58,15.10.2022,Mann,56.0,17,5.0,56-65,2,2
69,15.10.2022,Frau,56.0,17,4.0,56-65,2,2
118,11.11.2022,Frau,58.0,17,1.0,56-65,2,2
66,15.10.2022,Frau,62.0,17,,56-65,2,2
95,25.10.2022,Frau,67.0,17,5.0,66-75,2,2
101,25.10.2022,Frau,67.0,17,5.0,66-75,2,2
104,25.10.2022,Mann,70.0,17,2.0,66-75,2,2
111,26.10.2022,Mann,73.0,17,2.0,66-75,2,2
51,11.10.2022,,,17,5.0,,2,2
53,11.10.2022,,,17,1.0,,2,2
54,12.10.2022,,,17,4.0,,2,2
72,15.10.2022,Frau,,17,,,2,2
117,01.11.2022,Mann,18.0,18,5.0,18-25,3,3
57,15.10.2022,Frau,21.0,18,1.0,18-25,3,3
68,15.10.2022,Mann,21.0,18,1.0,18-25,3,3
80,16.10.2022,Frau,21.0,18,2.0,18-25,3,3
81,16.10.2022,Frau,21.0,18,2.0,18-25,3,3
79,16.10.2022,Mann,23.0,18,2.0,18-25,3,3
82,16.10.2022,Frau,23.0,18,5.0,18-25,3,3
89,16.10.2022,Mann,23.0,18,4.0,18-25,3,3
114,28.10.2022,Frau,23.0,18,4.0,18-25,3,3
115,28.10.2022,Frau,23.0,18,2.0,18-25,3,3
74,15.10.2022,Frau,24.0,18,1.0,18-25,3,3
78,16.10.2022,Frau,24.0,18,,18-25,3,3
83,16.10.2022,Frau,24.0,18,2.0,18-25,3,3
85,16.10.2022,Mann,24.0,18,1.0,18-25,3,3
90,17.10.2022,Frau,24.0,18,1.0,18-25,3,3
75,16.10.2022,Mann,25.0,18,1.0,18-25,3,3
97,25.10.2022,Frau,25.0,18,2.0,18-25,3,3
113,27.10.2022,Frau,25.0,18,2.0,18-25,3,3
77,16.10.2022,Mann,26.0,18,1.0,26-35,3,3
96,25.10.2022,Mann,26.0,18,2.0,26-35,3,3
76,16.10.2022,Mann,27.0,18,2.0,26-35,3,3
86,16.10.2022,Frau,28.0,18,4.0,26-35,3,3
87,16.10.2022,Mann,28.0,18,2.0,26-35,3,3
88,16.10.2022,Mann,28.0,18,2.0,26-35,3,3
91,18.10.2022,Frau,28.0,18,,26-35,3,3
92,21.10.2022,Mann,28.0,18,5.0,26-35,3,3
94,25.10.2022,Mann,28.0,18,4.0,26-35,3,3
102,25.10.2022,Mann,28.0,18,1.0,26-35,3,3
105,25.10.2022,Mann,28.0,18,4.0,26-35,3,3
112,26.10.2022,Mann,28.0,18,2.0,26-35,3,3
116,29.10.2022,Mann,28.0,18,2.0,26-35,3,3
103,25.10.2022,Frau,29.0,18,1.0,26-35,3,3
106,25.10.2022,Mann,29.0,18,2.0,26-35,3,3
109,26.10.2022,Mann,29.0,18,3.0,26-35,3,3
110,26.10.2022,Mann,29.0,18,1.0,26-35,3,3
62,15.10.2022,Frau,32.0,18,4.0,26-35,3,3
64,15.10.2022,Frau,32.0,18,,26-35,3,3
100,25.10.2022,Frau,35.0,18,1.0,26-35,3,3
108,25.10.2022,Frau,35.0,18,4.0,26-35,3,3
73,15.10.2022,Mann,37.0,18,1.0,36-45,3,3
65,15.10.2022,Frau,41.0,18,,36-45,3,3
70,15.10.2022,Frau,41.0,18,3.0,36-45,3,3
60,15.10.2022,Frau,47.0,18,1.0,46-55,3,3
61,15.10.2022,Mann,47.0,18,,46-55,3,3
63,15.10.2022,Mann,50.0,18,1.0,46-55,3,3
98,25.10.2022,Mann,50.0,18,1.0,46-55,3,3
93,21.10.2022,Frau,52.0,18,1.0,46-55,3,3
56,15.10.2022,Frau,53.0,18,1.0,46-55,3,3
67,15.10.2022,Mann,54.0,18,1.0,46-55,3,3
84,16.10.2022,,54.0,18,1.0,46-55,3,3
59,15.10.2022,Mann,55.0,18,1.0,46-55,3,3
71,15.10.2022,Mann,55.0,18,1.0,46-55,3,3
55,15.10.2022,Frau,56.0,18,1.0,56-65,3,3
58,15.10.2022,Mann,56.0,18,1.0,56-65,3,3
69,15.10.2022,Frau,56.0,18,3.0,56-65,3,3
118,11.11.2022,Frau,58.0,18,1.0,56-65,3,3
66,15.10.2022,Frau,62.0,18,,56-65,3,3
95,25.10.2022,Frau,67.0,18,1.0,66-75,3,3
101,25.10.2022,Frau,67.0,18,1.0,66-75,3,3
104,25.10.2022,Mann,70.0,18,1.0,66-75,3,3
111,26.10.2022,Mann,73.0,18,2.0,66-75,3,3
51,11.10.2022,,,18,2.0,,3,3
53,11.10.2022,,,18,3.0,,3,3
54,12.10.2022,,,18,1.0,,3,3
72,15.10.2022,Frau,,18,,,3,3
117,01.11.2022,Mann,18.0,19,1.0,18-25,7,3
57,15.10.2022,Frau,21.0,19,2.0,18-25,7,3
68,15.10.2022,Mann,21.0,19,1.0,18-25,7,3
80,16.10.2022,Frau,21.0,19,3.0,18-25,7,3
81,16.10.2022,Frau,21.0,19,2.0,18-25,7,3
79,16.10.2022,Mann,23.0,19,4.0,18-25,7,3
82,16.10.2022,Frau,23.0,19,5.0,18-25,7,3
89,16.10.2022,Mann,23.0,19,4.0,18-25,7,3
114,28.10.2022,Frau,23.0,19,4.0,18-25,7,3
115,28.10.2022,Frau,23.0,19,2.0,18-25,7,3
74,15.10.2022,Frau,24.0,19,1.0,18-25,7,3
78,16.10.2022,Frau,24.0,19,,18-25,7,3
83,16.10.2022,Frau,24.0,19,3.0,18-25,7,3
85,16.10.2022,Mann,24.0,19,1.0,18-25,7,3
90,17.10.2022,Frau,24.0,19,1.0,18-25,7,3
75,16.10.2022,Mann,25.0,19,1.0,18-25,7,3
97,25.10.2022,Frau,25.0,19,3.0,18-25,7,3
113,27.10.2022,Frau,25.0,19,4.0,18-25,7,3
77,16.10.2022,Mann,26.0,19,1.0,26-35,7,3
96,25.10.2022,Mann,26.0,19,2.0,26-35,7,3
76,16.10.2022,Mann,27.0,19,3.0,26-35,7,3
86,16.10.2022,Frau,28.0,19,2.0,26-35,7,3
87,16.10.2022,Mann,28.0,19,4.0,26-35,7,3
88,16.10.2022,Mann,28.0,19,3.0,26-35,7,3
91,18.10.2022,Frau,28.0,19,,26-35,7,3
92,21.10.2022,Mann,28.0,19,5.0,26-35,7,3
94,25.10.2022,Mann,28.0,19,3.0,26-35,7,3
102,25.10.2022,Mann,28.0,19,2.0,26-35,7,3
105,25.10.2022,Mann,28.0,19,2.0,26-35,7,3
112,26.10.2022,Mann,28.0,19,3.0,26-35,7,3
116,29.10.2022,Mann,28.0,19,2.0,26-35,7,3
103,25.10.2022,Frau,29.0,19,2.0,26-35,7,3
106,25.10.2022,Mann,29.0,19,3.0,26-35,7,3
109,26.10.2022,Mann,29.0,19,3.0,26-35,7,3
110,26.10.2022,Mann,29.0,19,1.0,26-35,7,3
62,15.10.2022,Frau,32.0,19,2.0,26-35,7,3
64,15.10.2022,Frau,32.0,19,,26-35,7,3
100,25.10.2022,Frau,35.0,19,3.0,26-35,7,3
108,25.10.2022,Frau,35.0,19,4.0,26-35,7,3
73,15.10.2022,Mann,37.0,19,1.0,36-45,7,3
65,15.10.2022,Frau,41.0,19,,36-45,7,3
70,15.10.2022,Frau,41.0,19,,36-45,7,3
60,15.10.2022,Frau,47.0,19,1.0,46-55,7,3
61,15.10.2022,Mann,47.0,19,,46-55,7,3
63,15.10.2022,Mann,50.0,19,1.0,46-55,7,3
98,25.10.2022,Mann,50.0,19,1.0,46-55,7,3
93,21.10.2022,Frau,52.0,19,4.0,46-55,7,3
56,15.10.2022,Frau,53.0,19,1.0,46-55,7,3
67,15.10.2022,Mann,54.0,19,1.0,46-55,7,3
84,16.10.2022,,54.0,19,1.0,46-55,7,3
59,15.10.2022,Mann,55.0,19,1.0,46-55,7,3
71,15.10.2022,Mann,55.0,19,1.0,46-55,7,3
55,15.10.2022,Frau,56.0,19,1.0,56-65,7,3
58,15.10.2022,Mann,56.0,19,1.0,56-65,7,3
69,15.10.2022,Frau,56.0,19,4.0,56-65,7,3
118,11.11.2022,Frau,58.0,19,1.0,56-65,7,3
66,15.10.2022,Frau,62.0,19,,56-65,7,3
95,25.10.2022,Frau,67.0,19,1.0,66-75,7,3
101,25.10.2022,Frau,67.0,19,3.0,66-75,7,3
104,25.10.2022,Mann,70.0,19,1.0,66-75,7,3
111,26.10.2022,Mann,73.0,19,,66-75,7,3
51,11.10.2022,,,19,3.0,,7,3
53,11.10.2022,,,19,3.0,,7,3
54,12.10.2022,,,19,2.0,,7,3
72,15.10.2022,Frau,,19,,,7,3
117,01.11.2022,Mann,18.0,20,3.0,18-25,2,3
57,15.10.2022,Frau,21.0,20,1.0,18-25,2,3
68,15.10.2022,Mann,21.0,20,5.0,18-25,2,3
80,16.10.2022,Frau,21.0,20,2.0,18-25,2,3
81,16.10.2022,Frau,21.0,20,2.0,18-25,2,3
79,16.10.2022,Mann,23.0,20,4.0,18-25,2,3
82,16.10.2022,Frau,23.0,20,2.0,18-25,2,3
89,16.10.2022,Mann,23.0,20,2.0,18-25,2,3
114,28.10.2022,Frau,23.0,20,2.0,18-25,2,3
115,28.10.2022,Frau,23.0,20,2.0,18-25,2,3
74,15.10.2022,Frau,24.0,20,2.0,18-25,2,3
78,16.10.2022,Frau,24.0,20,,18-25,2,3
83,16.10.2022,Frau,24.0,20,3.0,18-25,2,3
85,16.10.2022,Mann,24.0,20,3.0,18-25,2,3
90,17.10.2022,Frau,24.0,20,3.0,18-25,2,3
75,16.10.2022,Mann,25.0,20,2.0,18-25,2,3
97,25.10.2022,Frau,25.0,20,1.0,18-25,2,3
113,27.10.2022,Frau,25.0,20,1.0,18-25,2,3
77,16.10.2022,Mann,26.0,20,3.0,26-35,2,3
96,25.10.2022,Mann,26.0,20,4.0,26-35,2,3
76,16.10.2022,Mann,27.0,20,3.0,26-35,2,3
86,16.10.2022,Frau,28.0,20,5.0,26-35,2,3
87,16.10.2022,Mann,28.0,20,2.0,26-35,2,3
88,16.10.2022,Mann,28.0,20,2.0,26-35,2,3
91,18.10.2022,Frau,28.0,20,,26-35,2,3
92,21.10.2022,Mann,28.0,20,5.0,26-35,2,3
94,25.10.2022,Mann,28.0,20,1.0,26-35,2,3
102,25.10.2022,Mann,28.0,20,,26-35,2,3
105,25.10.2022,Mann,28.0,20,1.0,26-35,2,3
112,26.10.2022,Mann,28.0,20,2.0,26-35,2,3
116,29.10.2022,Mann,28.0,20,2.0,26-35,2,3
103,25.10.2022,Frau,29.0,20,2.0,26-35,2,3
106,25.10.2022,Mann,29.0,20,3.0,26-35,2,3
109,26.10.2022,Mann,29.0,20,1.0,26-35,2,3
110,26.10.2022,Mann,29.0,20,1.0,26-35,2,3
62,15.10.2022,Frau,32.0,20,2.0,26-35,2,3
64,15.10.2022,Frau,32.0,20,,26-35,2,3
100,25.10.2022,Frau,35.0,20,1.0,26-35,2,3
108,25.10.2022,Frau,35.0,20,2.0,26-35,2,3
73,15.10.2022,Mann,37.0,20,1.0,36-45,2,3
65,15.10.2022,Frau,41.0,20,,36-45,2,3
70,15.10.2022,Frau,41.0,20,2.0,36-45,2,3
60,15.10.2022,Frau,47.0,20,3.0,46-55,2,3
61,15.10.2022,Mann,47.0,20,,46-55,2,3
63,15.10.2022,Mann,50.0,20,1.0,46-55,2,3
98,25.10.2022,Mann,50.0,20,5.0,46-55,2,3
93,21.10.2022,Frau,52.0,20,1.0,46-55,2,3
56,15.10.2022,Frau,53.0,20,3.0,46-55,2,3
67,15.10.2022,Mann,54.0,20,1.0,46-55,2,3
84,16.10.2022,,54.0,20,2.0,46-55,2,3
59,15.10.2022,Mann,55.0,20,1.0,46-55,2,3
71,15.10.2022,Mann,55.0,20,1.0,46-55,2,3
55,15.10.2022,Frau,56.0,20,1.0,56-65,2,3
58,15.10.2022,Mann,56.0,20,2.0,56-65,2,3
69,15.10.2022,Frau,56.0,20,1.0,56-65,2,3
118,11.11.2022,Frau,58.0,20,2.0,56-65,2,3
66,15.10.2022,Frau,62.0,20,,56-65,2,3
95,25.10.2022,Frau,67.0,20,1.0,66-75,2,3
101,25.10.2022,Frau,67.0,20,1.0,66-75,2,3
104,25.10.2022,Mann,70.0,20,1.0,66-75,2,3
111,26.10.2022,Mann,73.0,20,2.0,66-75,2,3
51,11.10.2022,,,20,2.0,,2,3
53,11.10.2022,,,20,2.0,,2,3
54,12.10.2022,,,20,3.0,,2,3
72,15.10.2022,Frau,,20,,,2,3
117,01.11.2022,Mann,18.0,21,5.0,18-25,6,2
57,15.10.2022,Frau,21.0,21,1.0,18-25,6,2
68,15.10.2022,Mann,21.0,21,1.0,18-25,6,2
80,16.10.2022,Frau,21.0,21,4.0,18-25,6,2
81,16.10.2022,Frau,21.0,21,4.0,18-25,6,2
79,16.10.2022,Mann,23.0,21,4.0,18-25,6,2
82,16.10.2022,Frau,23.0,21,3.0,18-25,6,2
89,16.10.2022,Mann,23.0,21,5.0,18-25,6,2
114,28.10.2022,Frau,23.0,21,5.0,18-25,6,2
115,28.10.2022,Frau,23.0,21,2.0,18-25,6,2
74,15.10.2022,Frau,24.0,21,4.0,18-25,6,2
78,16.10.2022,Frau,24.0,21,,18-25,6,2
83,16.10.2022,Frau,24.0,21,5.0,18-25,6,2
85,16.10.2022,Mann,24.0,21,2.0,18-25,6,2
90,17.10.2022,Frau,24.0,21,3.0,18-25,6,2
75,16.10.2022,Mann,25.0,21,2.0,18-25,6,2
97,25.10.2022,Frau,25.0,21,2.0,18-25,6,2
113,27.10.2022,Frau,25.0,21,4.0,18-25,6,2
77,16.10.2022,Mann,26.0,21,1.0,26-35,6,2
96,25.10.2022,Mann,26.0,21,2.0,26-35,6,2
76,16.10.2022,Mann,27.0,21,4.0,26-35,6,2
86,16.10.2022,Frau,28.0,21,5.0,26-35,6,2
87,16.10.2022,Mann,28.0,21,3.0,26-35,6,2
88,16.10.2022,Mann,28.0,21,3.0,26-35,6,2
91,18.10.2022,Frau,28.0,21,,26-35,6,2
92,21.10.2022,Mann,28.0,21,5.0,26-35,6,2
94,25.10.2022,Mann,28.0,21,4.0,26-35,6,2
102,25.10.2022,Mann,28.0,21,2.0,26-35,6,2
105,25.10.2022,Mann,28.0,21,4.0,26-35,6,2
112,26.10.2022,Mann,28.0,21,1.0,26-35,6,2
116,29.10.2022,Mann,28.0,21,3.0,26-35,6,2
103,25.10.2022,Frau,29.0,21,5.0,26-35,6,2
106,25.10.2022,Mann,29.0,21,4.0,26-35,6,2
109,26.10.2022,Mann,29.0,21,4.0,26-35,6,2
110,26.10.2022,Mann,29.0,21,1.0,26-35,6,2
62,15.10.2022,Frau,32.0,21,4.0,26-35,6,2
64,15.10.2022,Frau,32.0,21,,26-35,6,2
100,25.10.2022,Frau,35.0,21,1.0,26-35,6,2
108,25.10.2022,Frau,35.0,21,4.0,26-35,6,2
73,15.10.2022,Mann,37.0,21,5.0,36-45,6,2
65,15.10.2022,Frau,41.0,21,,36-45,6,2
70,15.10.2022,Frau,41.0,21,2.0,36-45,6,2
60,15.10.2022,Frau,47.0,21,3.0,46-55,6,2
61,15.10.2022,Mann,47.0,21,,46-55,6,2
63,15.10.2022,Mann,50.0,21,1.0,46-55,6,2
98,25.10.2022,Mann,50.0,21,3.0,46-55,6,2
93,21.10.2022,Frau,52.0,21,2.0,46-55,6,2
56,15.10.2022,Frau,53.0,21,5.0,46-55,6,2
67,15.10.2022,Mann,54.0,21,2.0,46-55,6,2
84,16.10.2022,,54.0,21,5.0,46-55,6,2
59,15.10.2022,Mann,55.0,21,4.0,46-55,6,2
71,15.10.2022,Mann,55.0,21,5.0,46-55,6,2
55,15.10.2022,Frau,56.0,21,1.0,56-65,6,2
58,15.10.2022,Mann,56.0,21,2.0,56-65,6,2
69,15.10.2022,Frau,56.0,21,2.0,56-65,6,2
118,11.11.2022,Frau,58.0,21,4.0,56-65,6,2
66,15.10.2022,Frau,62.0,21,,56-65,6,2
95,25.10.2022,Frau,67.0,21,,66-75,6,2
101,25.10.2022,Frau,67.0,21,1.0,66-75,6,2
104,25.10.2022,Mann,70.0,21,1.0,66-75,6,2
111,26.10.2022,Mann,73.0,21,3.0,66-75,6,2
51,11.10.2022,,,21,4.0,,6,2
53,11.10.2022,,,21,5.0,,6,2
54,12.10.2022,,,21,2.0,,6,2
72,15.10.2022,Frau,,21,,,6,2
117,01.11.2022,Mann,18.0,22,1.0,18-25,5,3
57,15.10.2022,Frau,21.0,22,2.0,18-25,5,3
68,15.10.2022,Mann,21.0,22,1.0,18-25,5,3
80,16.10.2022,Frau,21.0,22,1.0,18-25,5,3
81,16.10.2022,Frau,21.0,22,1.0,18-25,5,3
79,16.10.2022,Mann,23.0,22,5.0,18-25,5,3
82,16.10.2022,Frau,23.0,22,3.0,18-25,5,3
89,16.10.2022,Mann,23.0,22,2.0,18-25,5,3
114,28.10.2022,Frau,23.0,22,4.0,18-25,5,3
115,28.10.2022,Frau,23.0,22,2.0,18-25,5,3
74,15.10.2022,Frau,24.0,22,2.0,18-25,5,3
78,16.10.2022,Frau,24.0,22,,18-25,5,3
83,16.10.2022,Frau,24.0,22,4.0,18-25,5,3
85,16.10.2022,Mann,24.0,22,1.0,18-25,5,3
90,17.10.2022,Frau,24.0,22,1.0,18-25,5,3
75,16.10.2022,Mann,25.0,22,1.0,18-25,5,3
97,25.10.2022,Frau,25.0,22,2.0,18-25,5,3
113,27.10.2022,Frau,25.0,22,3.0,18-25,5,3
77,16.10.2022,Mann,26.0,22,1.0,26-35,5,3
96,25.10.2022,Mann,26.0,22,2.0,26-35,5,3
76,16.10.2022,Mann,27.0,22,4.0,26-35,5,3
86,16.10.2022,Frau,28.0,22,3.0,26-35,5,3
87,16.10.2022,Mann,28.0,22,1.0,26-35,5,3
88,16.10.2022,Mann,28.0,22,4.0,26-35,5,3
91,18.10.2022,Frau,28.0,22,,26-35,5,3
92,21.10.2022,Mann,28.0,22,5.0,26-35,5,3
94,25.10.2022,Mann,28.0,22,2.0,26-35,5,3
102,25.10.2022,Mann,28.0,22,1.0,26-35,5,3
105,25.10.2022,Mann,28.0,22,1.0,26-35,5,3
112,26.10.2022,Mann,28.0,22,2.0,26-35,5,3
116,29.10.2022,Mann,28.0,22,4.0,26-35,5,3
103,25.10.2022,Frau,29.0,22,3.0,26-35,5,3
106,25.10.2022,Mann,29.0,22,2.0,26-35,5,3
109,26.10.2022,Mann,29.0,22,2.0,26-35,5,3
110,26.10.2022,Mann,29.0,22,1.0,26-35,5,3
62,15.10.2022,Frau,32.0,22,4.0,26-35,5,3
64,15.10.2022,Frau,32.0,22,,26-35,5,3
100,25.10.2022,Frau,35.0,22,1.0,26-35,5,3
108,25.10.2022,Frau,35.0,22,3.0,26-35,5,3
73,15.10.2022,Mann,37.0,22,1.0,36-45,5,3
65,15.10.2022,Frau,41.0,22,,36-45,5,3
70,15.10.2022,Frau,41.0,22,2.0,36-45,5,3
60,15.10.2022,Frau,47.0,22,1.0,46-55,5,3
61,15.10.2022,Mann,47.0,22,,46-55,5,3
63,15.10.2022,Mann,50.0,22,1.0,46-55,5,3
98,25.10.2022,Mann,50.0,22,1.0,46-55,5,3
93,21.10.2022,Frau,52.0,22,2.0,46-55,5,3
56,15.10.2022,Frau,53.0,22,1.0,46-55,5,3
67,15.10.2022,Mann,54.0,22,1.0,46-55,5,3
84,16.10.2022,,54.0,22,1.0,46-55,5,3
59,15.10.2022,Mann,55.0,22,1.0,46-55,5,3
71,15.10.2022,Mann,55.0,22,2.0,46-55,5,3
55,15.10.2022,Frau,56.0,22,1.0,56-65,5,3
58,15.10.2022,Mann,56.0,22,1.0,56-65,5,3
69,15.10.2022,Frau,56.0,22,3.0,56-65,5,3
118,11.11.2022,Frau,58.0,22,3.0,56-65,5,3
66,15.10.2022,Frau,62.0,22,,56-65,5,3
95,25.10.2022,Frau,67.0,22,,66-75,5,3
101,25.10.2022,Frau,67.0,22,1.0,66-75,5,3
104,25.10.2022,Mann,70.0,22,1.0,66-75,5,3
111,26.10.2022,Mann,73.0,22,1.0,66-75,5,3
51,11.10.2022,,,22,1.0,,5,3
53,11.10.2022,,,22,5.0,,5,3
54,12.10.2022,,,22,2.0,,5,3
72,15.10.2022,Frau,,22,,,5,3
